participant_id,percentage,unitdur,correct,sum_correct,median_ncycle,median_rt
1,0.0,0.4,0,0,13.887594938278198,5.555037975311279
1,0.0,0.4,1,112,10.31493365764618,4.125973463058472
1,0.0,0.7,0,0,8.422107696533203,5.895475387573242
1,0.0,0.7,1,111,5.854284422738212,4.097999095916748
1,0.0,1.0,0,0,5.830493450164795,5.830493450164795
1,0.0,1.0,1,111,4.154990196228027,4.154990196228027
1,0.111,0.4,0,0,14.098660051822662,5.639464020729065
1,0.111,0.4,1,1,12.549995183944702,5.019998073577881
1,0.111,0.7,0,0,7.202853645597186,5.04199755191803
1,0.111,0.7,1,2,8.995771408081055,6.297039985656738
1,0.111,1.0,0,0,4.152483940124512,4.152483940124512
1,0.222,0.4,0,0,10.2250075340271,4.09000301361084
1,0.222,0.4,1,3,9.145054817199707,3.658021926879883
1,0.222,0.7,0,0,6.093532017299108,4.265472412109375
1,0.222,1.0,0,0,3.2560149431228638,3.2560149431228638
1,0.333,0.4,0,0,11.97377860546112,4.789511442184448
1,0.333,0.4,1,10,8.90752762556076,3.563011050224304
1,0.333,0.7,0,0,6.1571420942034045,4.309999465942383
1,0.333,0.7,1,4,9.023152249200004,6.316206574440002
1,0.333,1.0,0,0,5.444525480270386,5.444525480270386
1,0.333,1.0,1,2,5.212501287460327,5.212501287460327
1,0.444,0.4,0,0,13.337528705596924,5.3350114822387695
1,0.444,0.4,1,10,6.833924055099487,2.733569622039795
1,0.444,0.7,0,0,5.602949176515852,3.922064423561096
1,0.444,1.0,0,0,4.024018049240112,4.024018049240112
1,0.444,1.0,1,3,7.325995922088623,7.325995922088623
1,0.556,0.4,0,0,9.120084643363953,3.648033857345581
1,0.556,0.4,1,11,8.259992599487305,3.303997039794922
1,0.556,0.7,0,0,6.118575164249965,4.283002614974976
1,0.556,0.7,1,8,7.878593036106655,5.515015125274658
1,0.556,1.0,0,0,4.981531500816345,4.981531500816345
1,0.556,1.0,1,6,6.176023483276367,6.176023483276367
1,0.667,0.4,1,14,5.315066277980804,2.1260265111923218
1,0.667,0.7,0,0,7.670696462903704,5.369487524032593
1,0.667,0.7,1,10,5.3357715266091486,3.735040068626404
1,0.667,1.0,0,0,4.287999987602234,4.287999987602234
1,0.667,1.0,1,6,5.774009466171265,5.774009466171265
1,0.778,0.4,1,14,4.241271615028381,1.6965086460113525
1,0.778,0.7,0,0,10.905781473432269,7.634047031402588
1,0.778,0.7,1,13,4.371475832802909,3.060033082962036
1,0.778,1.0,0,0,2.829007148742676,2.829007148742676
1,0.778,1.0,1,9,4.07008695602417,4.07008695602417
1,0.889,0.4,1,13,4.432497024536133,1.7729988098144531
1,0.889,0.7,0,0,2.64861992427281,1.8540339469909668
1,0.889,0.7,1,12,3.93926773752485,2.757487416267395
1,0.889,1.0,0,0,2.916023015975952,2.916023015975952
1,0.889,1.0,1,12,4.151007533073425,4.151007533073425
1,1.0,0.4,0,0,4.567360281944275,1.82694411277771
1,1.0,0.4,1,12,4.347456097602844,1.7389824390411377
1,1.0,0.7,1,12,3.4157156944274902,2.391000986099243
1,1.0,1.0,0,0,3.3825639486312866,3.3825639486312866
1,1.0,1.0,1,12,4.32402241230011,4.32402241230011
3,0.0,0.4,0,0,8.75504732131958,3.502018928527832
3,0.0,0.4,1,77,11.389947533607483,4.555979013442993
3,0.0,0.7,0,0,4.960687160491943,3.4724810123443604
3,0.0,0.7,1,80,6.872157880238125,4.810510516166687
3,0.0,1.0,0,0,3.41953706741333,3.41953706741333
3,0.0,1.0,1,86,4.9720460176467896,4.9720460176467896
3,0.111,0.4,0,0,11.205051243305206,4.4820204973220825
3,0.111,0.4,1,4,6.097451150417329,2.4389804601669316
3,0.111,0.7,0,0,7.613551446369717,5.329486012458801
3,0.111,0.7,1,6,3.877117804118565,2.7139824628829956
3,0.111,1.0,0,0,5.452559113502502,5.452559113502502
3,0.111,1.0,1,4,2.9989919662475586,2.9989919662475586
3,0.222,0.4,0,0,12.679979801177979,5.071991920471191
3,0.222,0.4,1,7,5.889995098114012,2.355998039245605
3,0.222,0.7,0,0,7.211417130061559,5.047991991043091
3,0.222,0.7,1,3,4.17006152016776,2.919043064117432
3,0.222,1.0,0,0,4.295024037361145,4.295024037361145
3,0.222,1.0,1,4,3.937115430831909,3.937115430831909
3,0.333,0.4,0,0,14.33871865272522,5.735487461090088
3,0.333,0.4,1,12,6.0888248682022095,2.435529947280884
3,0.333,0.7,0,0,5.85924574307033,4.101472020149231
3,0.333,0.7,1,6,5.6936279364994595,3.9855395555496216
3,0.333,1.0,0,0,5.122019052505493,5.122019052505493
3,0.333,1.0,1,5,2.3779659271240234,2.3779659271240234
3,0.444,0.4,0,0,9.457544684410095,3.783017873764038
3,0.444,0.4,1,11,5.510010123252869,2.2040040493011475
3,0.444,0.7,0,0,5.792831352778844,4.05498194694519
3,0.444,0.7,1,8,4.357165779386248,3.0500160455703735
3,0.444,1.0,0,0,4.693047523498535,4.693047523498535
3,0.444,1.0,1,6,3.988485097885132,3.988485097885132
3,0.556,0.4,0,0,5.807545185089111,2.3230180740356445
3,0.556,0.4,1,13,5.572532415390015,2.229012966156006
3,0.556,0.7,0,0,7.9157400131225595,5.541018009185791
3,0.556,0.7,1,13,3.8771656581333716,2.71401596069336
3,0.556,1.0,0,0,4.078984975814819,4.078984975814819
3,0.556,1.0,1,11,3.567992925643921,3.567992925643921
3,0.667,0.4,1,14,4.078786075115204,1.6315144300460815
3,0.667,0.7,0,0,5.688478606087822,3.9819350242614746
3,0.667,0.7,1,13,3.874297142028809,2.712007999420166
3,0.667,1.0,0,0,3.8635054826736455,3.8635054826736455
3,0.667,1.0,1,8,6.024029016494751,6.024029016494751
3,0.778,0.4,1,14,4.143784940242767,1.657513976097107
3,0.778,0.7,0,0,4.174244403839111,2.921971082687378
3,0.778,0.7,1,13,5.324307169233051,3.727015018463135
3,0.778,1.0,0,0,3.9234700202941895,3.9234700202941895
3,0.778,1.0,1,12,4.270970463752747,4.270970463752747
3,0.889,0.4,1,14,4.073615074157715,1.629446029663086
3,0.889,0.7,0,0,2.2257488114493236,1.5580241680145264
3,0.889,0.7,1,13,3.5628172329493935,2.493972063064575
3,0.889,1.0,0,0,3.410001039505005,3.410001039505005
3,0.889,1.0,1,13,4.017969131469727,4.017969131469727
3,1.0,0.4,1,14,3.798702657222748,1.5194810628890991
3,1.0,0.7,1,14,3.076394285474505,2.1534759998321533
3,1.0,1.0,0,0,2.6940340995788574,2.6940340995788574
3,1.0,1.0,1,13,3.653954982757568,3.653954982757568
4,0.0,0.4,0,0,8.853873908519745,3.541549563407898
4,0.0,0.4,1,63,16.352404952049255,6.540961980819702
4,0.0,0.7,0,0,4.678574289594378,3.2750020027160645
4,0.0,0.7,1,65,9.972842761448453,6.980989933013916
4,0.0,1.0,0,0,2.6811139583587646,2.6811139583587646
4,0.0,1.0,1,63,6.240060091018677,6.240060091018677
4,0.111,0.4,0,0,16.98124498128891,6.792497992515564
4,0.111,0.4,1,7,6.6250526905059814,2.6500210762023926
4,0.111,0.7,0,0,10.869991438729423,7.608994007110596
4,0.111,0.7,1,6,3.3864593505859375,2.3705215454101562
4,0.111,1.0,0,0,6.690982103347778,6.690982103347778
4,0.111,1.0,1,5,5.3150060176849365,5.3150060176849365
4,0.222,0.4,0,0,16.76252007484436,6.705008029937744
4,0.222,0.4,1,10,10.956355333328247,4.382542133331299
4,0.222,0.7,0,0,11.639983654022217,8.147988557815552
4,0.222,0.7,1,6,3.0907143865312845,2.1635000705718994
4,0.222,1.0,0,0,6.404067039489746,6.404067039489746
4,0.222,1.0,1,7,3.306025981903076,3.306025981903076
4,0.333,0.4,0,0,19.862515330314636,7.9450061321258545
4,0.333,0.4,1,13,5.8975523710250854,2.359020948410034
4,0.333,0.7,0,0,8.79998735019139,6.159991145133972
4,0.333,0.7,1,9,3.1899656568254744,2.232975959777832
4,0.333,1.0,0,0,5.987019658088684,5.987019658088684
4,0.333,1.0,1,8,3.5275410413742065,3.5275410413742065
4,0.444,0.4,1,14,4.651173949241638,1.8604695796966555
4,0.444,0.7,0,0,8.40291840689523,5.88204288482666
4,0.444,0.7,1,13,6.620171410696847,4.634119987487793
4,0.444,1.0,0,0,7.11603307723999,7.11603307723999
4,0.444,1.0,1,8,2.604003429412842,2.604003429412842
4,0.556,0.4,1,14,3.836294710636139,1.5345178842544556
4,0.556,0.7,0,0,13.51146289280483,9.45802402496338
4,0.556,0.7,1,13,3.250112874167306,2.2750790119171143
4,0.556,1.0,0,0,4.205944061279297,4.205944061279297
4,0.556,1.0,1,13,3.288003921508789,3.288003921508789
4,0.667,0.4,1,14,3.7162914872169495,1.4865165948867798
4,0.667,0.7,1,14,2.9857349395751953,2.0900144577026367
4,0.667,1.0,0,0,8.616038084030151,8.616038084030151
4,0.667,1.0,1,13,2.6679999828338623,2.6679999828338623
4,0.778,0.4,1,14,3.3050709962844844,1.322028398513794
4,0.778,0.7,1,14,3.1792521476745605,2.2254765033721924
4,0.778,1.0,1,14,2.8679884672164917,2.8679884672164917
4,0.889,0.4,1,14,3.511241376399994,1.4044965505599976
4,0.889,0.7,1,13,2.6714757510593956,1.8700330257415767
4,0.889,1.0,1,14,2.3475165367126465,2.3475165367126465
4,1.0,0.4,1,14,3.2199326157569885,1.2879730463027954
4,1.0,0.7,1,14,2.604360069547381,1.8230520486831665
4,1.0,1.0,1,14,2.27299702167511,2.27299702167511
5,0.0,0.4,0,0,11.59595251083374,4.638381004333496
5,0.0,0.4,1,123,9.2273622751236,3.69094491004944
5,0.0,0.7,0,0,7.028589929853167,4.920012950897217
5,0.0,0.7,1,125,5.535641397748674,3.874948978424072
5,0.0,1.0,0,0,9.090993404388428,9.090993404388428
5,0.0,1.0,1,123,3.656025886535645,3.656025886535645
5,0.111,0.4,0,0,9.541096687316895,3.816438674926758
5,0.111,0.7,0,0,6.005730799266271,4.204011559486389
5,0.111,1.0,0,0,4.446017026901245,4.446017026901245
5,0.111,1.0,1,1,6.074985980987549,6.074985980987549
5,0.222,0.4,0,0,9.022569060325623,3.609027624130249
5,0.222,0.7,0,0,8.16847630909511,5.717933416366577
5,0.222,1.0,0,0,4.278124094009399,4.278124094009399
5,0.222,1.0,1,1,4.542001008987427,4.542001008987427
5,0.333,0.4,0,0,11.111223995685577,4.444489598274231
5,0.333,0.4,1,8,21.400164663791656,8.560065865516663
5,0.333,0.7,0,0,5.419965641839164,3.7939759492874146
5,0.333,0.7,1,2,10.307257856641497,7.215080499649048
5,0.333,1.0,0,0,3.938018083572388,3.938018083572388
5,0.444,0.4,0,0,9.432820081710815,3.773128032684326
5,0.444,0.4,1,8,13.186304867267609,5.2745219469070435
5,0.444,0.7,0,0,4.945024933133807,3.4615174531936646
5,0.444,0.7,1,2,13.584352220807759,9.50904655456543
5,0.444,1.0,0,0,3.557977199554444,3.557977199554444
5,0.444,1.0,1,2,9.510360956192017,9.510360956192017
5,0.556,0.4,0,0,15.242621302604675,6.09704852104187
5,0.556,0.4,1,10,11.90870612859726,4.763482451438904
5,0.556,0.7,0,0,6.623529876981463,4.636470913887024
5,0.556,0.7,1,9,9.528655665261406,6.670058965682983
5,0.556,1.0,0,0,3.4275065660476685,3.4275065660476685
5,0.556,1.0,1,2,6.8035194873809814,6.8035194873809814
5,0.667,0.4,1,13,9.449964761734009,3.779985904693604
5,0.667,0.7,0,0,6.162895815713066,4.3140270709991455
5,0.667,0.7,1,13,7.051201547895159,4.935841083526611
5,0.667,1.0,0,0,3.8538930416107178,3.8538930416107178
5,0.667,1.0,1,5,5.857012033462524,5.857012033462524
5,0.778,0.4,1,8,7.9050639271736145,3.162025570869446
5,0.778,0.7,0,0,6.818574496677944,4.7730021476745605
5,0.778,0.7,1,13,7.5015170233590265,5.251061916351318
5,0.778,1.0,0,0,2.9669729471206665,2.9669729471206665
5,0.778,1.0,1,8,8.01555597782135,8.01555597782135
5,0.889,0.4,1,9,6.335552334785462,2.534220933914185
5,0.889,0.7,1,14,5.731475693838938,4.012032985687256
5,0.889,1.0,0,0,3.569988965988159,3.569988965988159
5,0.889,1.0,1,11,6.465001106262207,6.465001106262207
5,1.0,0.4,1,9,5.982317328453064,2.3929269313812256
5,1.0,0.7,1,13,5.607201371874129,3.9250409603118896
5,1.0,1.0,0,0,3.098905563354492,3.098905563354492
5,1.0,1.0,1,10,6.209466457366943,6.209466457366943
6,0.0,0.4,0,0,22.782727479934685,9.113090991973875
6,0.0,0.4,1,116,15.856211483478546,6.3424845933914185
6,0.0,0.7,0,0,10.07997785295759,7.0559844970703125
6,0.0,0.7,1,110,8.711479221071517,6.098035454750061
6,0.0,1.0,0,0,7.271546483039856,7.271546483039856
6,0.0,1.0,1,116,5.849554419517517,5.849554419517517
6,0.111,0.4,0,0,12.760115265846252,5.104046106338501
6,0.111,0.4,1,1,15.027307271957397,6.010922908782959
6,0.111,0.7,0,0,10.711444105420794,7.498010873794556
6,0.111,0.7,1,1,16.36864559991019,11.458051919937134
6,0.111,1.0,0,0,5.985127925872803,5.985127925872803
6,0.111,1.0,1,1,5.561119079589844,5.561119079589844
6,0.222,0.4,0,0,15.932539701461792,6.373015880584717
6,0.222,0.4,1,5,20.96499741077423,8.385998964309692
6,0.222,0.7,0,0,9.031446320669993,6.322012424468994
6,0.222,0.7,1,3,9.798589774540494,6.859012842178345
6,0.222,1.0,0,0,5.4975069761276245,5.4975069761276245
6,0.333,0.4,0,0,15.046303868293762,6.018521547317505
6,0.333,0.4,1,10,15.881317555904388,6.352527022361755
6,0.333,0.7,0,0,8.112962927137103,5.679074048995972
6,0.333,0.7,1,4,12.963545152119229,9.07448160648346
6,0.333,1.0,0,0,5.777027130126953,5.777027130126953
6,0.333,1.0,1,2,6.089919090270996,6.089919090270996
6,0.444,0.4,0,0,18.165024518966675,7.26600980758667
6,0.444,0.4,1,13,12.480072379112244,4.9920289516448975
6,0.444,0.7,0,0,10.209321294512069,7.146524906158447
6,0.444,0.7,1,8,11.11850346837725,7.782952427864075
6,0.444,1.0,0,0,7.609015941619873,7.609015941619873
6,0.444,1.0,1,3,8.069998025894165,8.069998025894165
6,0.556,0.4,1,14,8.427608907222748,3.371043562889099
6,0.556,0.7,0,0,7.95717579977853,5.570023059844971
6,0.556,0.7,1,11,7.409985746656146,5.186990022659302
6,0.556,1.0,0,0,7.556006908416748,7.556006908416748
6,0.556,1.0,1,8,7.413591384887695,7.413591384887695
6,0.667,0.4,0,0,4.449942111968994,1.7799768447875977
6,0.667,0.4,1,13,6.1775147914886475,2.471005916595459
6,0.667,0.7,0,0,7.917134421212333,5.541994094848633
6,0.667,0.7,1,10,5.378672906330654,3.7650710344314575
6,0.667,1.0,0,0,3.913007974624634,3.913007974624634
6,0.667,1.0,1,10,6.601986527442932,6.601986527442932
6,0.778,0.4,1,14,5.070018768310547,2.0280075073242188
6,0.778,0.7,1,13,6.110044206891741,4.277030944824219
6,0.778,1.0,0,0,5.182999134063721,5.182999134063721
6,0.778,1.0,1,11,6.40603494644165,6.40603494644165
6,0.889,0.4,1,13,4.619830250740051,1.8479321002960205
6,0.889,0.7,1,14,4.689379249300275,3.282565474510193
6,0.889,1.0,1,13,5.393991947174072,5.393991947174072
6,1.0,0.4,1,14,4.605079889297485,1.8420319557189941
6,1.0,0.7,1,14,4.186328649520874,2.930430054664612
6,1.0,1.0,1,14,4.627500534057617,4.627500534057617
7,0.0,0.4,0,0,14.686157405376433,5.874462962150574
7,0.0,0.4,1,122,11.813812553882599,4.7255250215530396
7,0.0,0.7,0,0,9.800258704594205,6.860181093215942
7,0.0,0.7,1,121,6.858598504747664,4.801018953323364
7,0.0,1.0,0,0,7.067023515701294,7.067023515701294
7,0.0,1.0,1,121,4.912071943283081,4.912071943283081
7,0.111,0.4,0,0,13.970040082931519,5.588016033172607
7,0.111,0.4,1,1,15.615124702453613,6.246049880981445
7,0.111,0.7,0,0,8.501371315547399,5.950959920883179
7,0.111,0.7,1,1,12.108532701219833,8.475972890853882
7,0.111,1.0,0,0,4.287041425704956,4.287041425704956
7,0.222,0.4,0,0,11.307297348976135,4.522918939590454
7,0.222,0.4,1,1,20.482280254364014,8.192912101745605
7,0.222,0.7,0,0,6.665498529161726,4.665848970413208
7,0.222,0.7,1,1,5.509978362492153,3.856984853744507
7,0.222,1.0,0,0,4.560904026031494,4.560904026031494
7,0.222,1.0,1,2,8.949519038200378,8.949519038200378
7,0.333,0.4,0,0,14.386406242847443,5.754562497138977
7,0.333,0.4,1,4,11.250115036964417,4.500046014785767
7,0.333,0.7,0,0,7.51648988042559,5.261542916297913
7,0.333,0.7,1,2,6.438754286084857,4.507128000259399
7,0.333,1.0,0,0,4.617053985595703,4.617053985595703
7,0.333,1.0,1,3,6.836976051330566,6.836976051330566
7,0.444,0.4,0,0,17.034945487976074,6.81397819519043
7,0.444,0.4,1,11,8.662737607955933,3.465095043182373
7,0.444,0.7,0,0,7.052850042070662,4.936995029449463
7,0.444,0.7,1,3,9.521561350141253,6.665092945098877
7,0.444,1.0,0,0,5.00600004196167,5.00600004196167
7,0.444,1.0,1,1,2.102037191390991,2.102037191390991
7,0.556,0.4,0,0,10.613884925842285,4.245553970336914
7,0.556,0.4,1,12,9.301269948482513,3.7205079793930054
7,0.556,0.7,0,0,9.972740582057408,6.9809184074401855
7,0.556,0.7,1,8,7.444201537540981,5.2109410762786865
7,0.556,1.0,0,0,5.260964035987854,5.260964035987854
7,0.556,1.0,1,4,6.000394940376282,6.000394940376282
7,0.667,0.4,1,14,5.5349016189575195,2.213960647583008
7,0.667,0.7,0,0,6.331737211772374,4.432216048240662
7,0.667,0.7,1,10,5.798587969371251,4.0590115785598755
7,0.667,1.0,0,0,4.2359185218811035,4.2359185218811035
7,0.667,1.0,1,6,5.094051957130432,5.094051957130432
7,0.778,0.4,1,14,4.6873876452445975,1.8749550580978391
7,0.778,0.7,1,14,6.25646574156625,4.3795260190963745
7,0.778,1.0,0,0,6.223979949951172,6.223979949951172
7,0.778,1.0,1,8,5.559504508972168,5.559504508972168
7,0.889,0.4,1,14,4.533756375312805,1.8135025501251223
7,0.889,0.7,1,14,4.754975693566459,3.328482985496521
7,0.889,1.0,0,0,4.887025833129883,4.887025833129883
7,0.889,1.0,1,11,4.488966941833496,4.488966941833496
7,1.0,0.4,1,14,4.415093660354614,1.7660374641418457
7,1.0,0.7,1,14,4.443540743419103,3.1104785203933716
7,1.0,1.0,0,0,3.3501851558685303,3.3501851558685303
7,1.0,1.0,1,13,3.993988037109375,3.993988037109375
9,0.0,0.4,0,0,16.485084891319275,6.59403395652771
9,0.0,0.4,1,106,12.79361754655838,5.117447018623352
9,0.0,0.7,0,0,7.628634997776578,5.3400444984436035
9,0.0,0.7,1,102,6.964307001658849,4.875014901161194
9,0.0,1.0,0,0,4.945033073425293,4.945033073425293
9,0.0,1.0,1,103,4.71599006652832,4.71599006652832
9,0.111,0.4,0,0,12.810527682304382,5.124211072921753
9,0.111,0.4,1,2,9.66371238231659,3.8654849529266357
9,0.111,0.7,0,0,7.043645892824445,4.930552124977112
9,0.111,0.7,1,2,9.070716415132797,6.3495014905929565
9,0.111,1.0,0,0,4.609005928039551,4.609005928039551
9,0.111,1.0,1,3,5.134164094924927,5.134164094924927
9,0.222,0.4,0,0,12.703891396522522,5.081556558609009
9,0.222,0.4,1,8,14.87498015165329,5.949992060661316
9,0.222,0.7,0,0,7.66561440059117,5.365930080413818
9,0.222,0.7,1,3,10.162902900150845,7.114032030105591
9,0.222,1.0,0,0,4.479967951774597,4.479967951774597
9,0.222,1.0,1,4,6.8910475969314575,6.8910475969314575
9,0.333,0.4,0,0,12.757225036621094,5.1028900146484375
9,0.333,0.4,1,5,16.882269978523254,6.752907991409302
9,0.333,0.7,0,0,8.048511232648577,5.633957862854004
9,0.333,0.7,1,5,9.472883088248118,6.631018161773682
9,0.333,1.0,0,0,4.020837068557739,4.020837068557739
9,0.333,1.0,1,7,4.066041946411133,4.066041946411133
9,0.444,0.4,0,0,11.782481074333191,4.712992429733276
9,0.444,0.4,1,10,10.278777480125427,4.111510992050171
9,0.444,0.7,0,0,7.138652801513673,4.99705696105957
9,0.444,0.7,1,5,11.16856575012207,7.817996025085449
9,0.444,1.0,0,0,4.090980052947998,4.090980052947998
9,0.444,1.0,1,7,4.218055963516235,4.218055963516235
9,0.556,0.4,0,0,13.29113245010376,5.316452980041504
9,0.556,0.4,1,12,6.064923405647277,2.425969362258911
9,0.556,0.7,0,0,10.370653527123588,7.259457468986511
9,0.556,0.7,1,12,5.700840779713222,3.9905885457992554
9,0.556,1.0,0,0,4.456954002380371,4.456954002380371
9,0.556,1.0,1,10,5.938028931617737,5.938028931617737
9,0.667,0.4,1,14,5.334954857826232,2.133981943130493
9,0.667,0.7,0,0,6.098425728934152,4.268898010253906
9,0.667,0.7,1,11,4.974207196916853,3.481945037841797
9,0.667,1.0,0,0,4.879581928253174,4.879581928253174
9,0.667,1.0,1,12,4.421984910964966,4.421984910964966
9,0.778,0.4,1,13,4.902595281600952,1.9610381126403809
9,0.778,0.7,1,14,4.729303462164743,3.31051242351532
9,0.778,1.0,0,0,4.263477921485901,4.263477921485901
9,0.778,1.0,1,12,4.774977445602417,4.774977445602417
9,0.889,0.4,1,14,4.404861330986023,1.7619445323944092
9,0.889,0.7,0,0,8.344528675079346,5.841170072555542
9,0.889,0.7,1,13,3.8956999778747563,2.726989984512329
9,0.889,1.0,1,14,4.360512971878052,4.360512971878052
9,1.0,0.4,1,14,4.163661301136017,1.6654645204544067
9,1.0,0.7,1,14,3.9328949792044505,2.7530264854431152
9,1.0,1.0,1,14,3.6375445127487183,3.6375445127487183
10,0.0,0.4,1,124,13.060192167758942,5.224076867103577
10,0.0,0.7,0,0,8.211372920445035,5.747961044311523
10,0.0,0.7,1,124,7.307959284101214,5.11557149887085
10,0.0,1.0,0,0,6.845033884048462,6.845033884048462
10,0.0,1.0,1,125,5.200947999954224,5.200947999954224
10,0.111,0.4,0,0,12.566201090812683,5.026480436325073
10,0.111,0.7,0,0,7.829306636537825,5.480514645576477
10,0.111,1.0,0,0,5.6570175886154175,5.6570175886154175
10,0.222,0.4,0,0,13.908733427524567,5.563493371009827
10,0.222,0.7,0,0,8.400022132056101,5.88001549243927
10,0.222,1.0,0,0,4.8605064153671265,4.8605064153671265
10,0.333,0.4,0,0,16.700152456760406,6.680060982704163
10,0.333,0.4,1,2,18.72487246990204,7.489948987960815
10,0.333,0.7,0,0,6.8071000916617255,4.764970064163208
10,0.333,1.0,0,0,5.2179951667785645,5.2179951667785645
10,0.333,1.0,1,1,6.64701509475708,6.64701509475708
10,0.444,0.4,0,0,13.166247308254242,5.266498923301697
10,0.444,0.4,1,3,10.750067830085754,4.300027132034302
10,0.444,0.7,0,0,7.408555916377477,5.185989141464233
10,0.444,0.7,1,1,12.50568117414202,8.753976821899414
10,0.444,1.0,0,0,5.044089436531067,5.044089436531067
10,0.556,0.4,0,0,18.40507745742798,7.362030982971191
10,0.556,0.4,1,10,9.650023579597473,3.8600094318389893
10,0.556,0.7,0,0,9.71421412059239,6.799949884414673
10,0.556,0.7,1,4,8.964318547930038,6.275022983551025
10,0.556,1.0,0,0,5.395117998123169,5.395117998123169
10,0.667,0.4,1,9,7.449897527694702,2.979959011077881
10,0.667,0.7,0,0,7.38997118813651,5.172979831695557
10,0.667,0.7,1,3,11.628455434526717,8.139918804168701
10,0.667,1.0,0,0,5.569090008735657,5.569090008735657
10,0.667,1.0,1,5,9.686975955963137,9.686975955963137
10,0.778,0.4,1,10,5.823791027069092,2.3295164108276367
10,0.778,0.7,0,0,7.456134387425014,5.21929407119751
10,0.778,0.7,1,10,7.832203592572894,5.482542514801025
10,0.778,1.0,0,0,5.242081046104431,5.242081046104431
10,0.778,1.0,1,5,8.940014839172363,8.940014839172363
10,0.889,0.4,1,13,6.519597172737122,2.6078388690948486
10,0.889,0.7,0,0,7.3764135156359,5.163489460945129
10,0.889,0.7,1,10,6.783462762832642,4.748423933982849
10,0.889,1.0,0,0,5.371030807495117,5.371030807495117
10,0.889,1.0,1,5,6.799978017807007,6.799978017807007
10,1.0,0.4,1,13,5.127410292625427,2.050964117050171
10,1.0,0.7,1,13,5.1958785738263815,3.637115001678467
10,1.0,1.0,0,0,3.922033071517944,3.922033071517944
10,1.0,1.0,1,9,7.069109916687012,7.069109916687012
11,0.0,0.4,0,0,10.149664878845215,4.059865951538086
11,0.0,0.4,1,94,17.943766117095947,7.177506446838379
11,0.0,0.7,0,0,9.442897694451469,6.610028386116028
11,0.0,0.7,1,92,10.289285012653895,7.202499508857727
11,0.0,1.0,0,0,5.443212985992432,5.443212985992432
11,0.0,1.0,1,99,6.262991189956665,6.262991189956665
11,0.111,0.4,0,0,14.549847841262817,5.819939136505127
11,0.111,0.4,1,1,9.623007774353027,3.849203109741211
11,0.111,0.7,0,0,9.344332899366107,6.541033029556274
11,0.111,0.7,1,5,9.84855719975063,6.89399003982544
11,0.111,1.0,0,0,6.076523542404175,6.076523542404175
11,0.111,1.0,1,2,7.340066432952881,7.340066432952881
11,0.222,0.4,0,0,19.14625108242035,7.65850043296814
11,0.222,0.4,1,8,10.956140160560608,4.382456064224243
11,0.222,0.7,0,0,10.855732645307269,7.599012851715088
11,0.222,0.7,1,3,7.414352893829347,5.190047025680542
11,0.222,1.0,0,0,6.448433518409729,6.448433518409729
11,0.222,1.0,1,2,4.617981433868408,4.617981433868408
11,0.333,0.4,0,0,19.894657731056213,7.957863092422485
11,0.333,0.4,1,9,11.437632441520691,4.575052976608276
11,0.333,0.7,0,0,10.258454254695348,7.180917978286743
11,0.333,0.7,1,9,8.287012917654856,5.800909042358398
11,0.333,1.0,0,0,6.697994947433472,6.697994947433472
11,0.333,1.0,1,3,8.882962226867676,8.882962226867676
11,0.444,0.4,0,0,18.09482216835022,7.237928867340088
11,0.444,0.4,1,12,8.588717579841614,3.4354870319366455
11,0.444,0.7,0,0,9.151275668825424,6.405892968177795
11,0.444,0.7,1,8,7.117136887141638,4.9819958209991455
11,0.444,1.0,0,0,7.630894184112549,7.630894184112549
11,0.444,1.0,1,4,4.725484490394592,4.725484490394592
11,0.556,0.4,0,0,14.157634973526001,5.6630539894104
11,0.556,0.4,1,12,8.41529756784439,3.3661190271377563
11,0.556,0.7,0,0,8.008520262581962,5.605964183807373
11,0.556,0.7,1,13,4.641433102743966,3.2490031719207764
11,0.556,1.0,0,0,6.988508582115173,6.988508582115173
11,0.556,1.0,1,11,4.49896502494812,4.49896502494812
11,0.667,0.4,1,13,5.184795260429382,2.073918104171753
11,0.667,0.7,1,14,5.325405597686768,3.7277839183807373
11,0.667,1.0,0,0,7.234034776687622,7.234034776687622
11,0.667,1.0,1,12,6.193565130233765,6.193565130233765
11,0.778,0.4,1,13,4.419912695884705,1.7679650783538818
11,0.778,0.7,1,14,4.193692207336426,2.935584545135498
11,0.778,1.0,0,0,6.011480689048767,6.011480689048767
11,0.778,1.0,1,10,4.594440937042236,4.594440937042236
11,0.889,0.4,1,14,3.94142746925354,1.576570987701416
11,0.889,0.7,1,14,4.357857193265643,3.0505000352859497
11,0.889,1.0,1,13,3.657984972000122,3.657984972000122
11,1.0,0.4,1,14,3.829832375049591,1.5319329500198364
11,1.0,0.7,1,14,3.334381239754814,2.334066867828369
11,1.0,1.0,1,14,3.5785080194473267,3.5785080194473267
12,0.0,0.4,0,0,21.731334924697876,8.69253396987915
12,0.0,0.4,1,119,13.230044841766357,5.292017936706543
12,0.0,0.7,0,0,8.387316976274763,5.871121883392334
12,0.0,0.7,1,116,7.4921393394470215,5.244497537612915
12,0.0,1.0,0,0,9.1109881401062,9.1109881401062
12,0.0,1.0,1,120,5.103468537330627,5.103468537330627
12,0.111,0.4,0,0,13.90880286693573,5.563521146774292
12,0.111,0.7,0,0,8.48366481917245,5.938565373420715
12,0.111,1.0,0,0,4.8770365715026855,4.8770365715026855
12,0.222,0.4,0,0,14.030042290687561,5.612016916275024
12,0.222,0.4,1,2,27.054977416992188,10.821990966796875
12,0.222,0.7,0,0,6.1502354485648025,4.305164813995361
12,0.222,1.0,0,0,5.310444951057434,5.310444951057434
12,0.333,0.4,0,0,14.648879766464233,5.859551906585693
12,0.333,0.4,1,5,23.76289248466492,9.505156993865969
12,0.333,0.7,0,0,7.8850248881748755,5.519517421722412
12,0.333,1.0,0,0,4.851047992706299,4.851047992706299
12,0.444,0.4,0,0,12.0949125289917,4.83796501159668
12,0.444,0.4,1,8,20.006250143051147,8.002500057220459
12,0.444,0.7,0,0,9.002066339765276,6.301446437835693
12,0.444,0.7,1,2,14.052226543426514,9.83655858039856
12,0.444,1.0,0,0,6.008068799972534,6.008068799972534
12,0.444,1.0,1,1,7.434993982315063,7.434993982315063
12,0.556,0.4,0,0,10.985144972801208,4.394057989120483
12,0.556,0.4,1,8,13.214814066886902,5.285925626754761
12,0.556,0.7,0,0,8.004110200064524,5.602877140045166
12,0.556,0.7,1,7,9.659975596836636,6.7619829177856445
12,0.556,1.0,0,0,5.852063059806824,5.852063059806824
12,0.556,1.0,1,2,8.744499564170837,8.744499564170837
12,0.667,0.4,0,0,11.74613207578659,4.698452830314636
12,0.667,0.4,1,9,7.87280023097992,3.149120092391968
12,0.667,0.7,0,0,7.012768813541958,4.90893816947937
12,0.667,0.7,1,10,10.222098486764091,7.155468940734863
12,0.667,1.0,0,0,5.1394665241241455,5.1394665241241455
12,0.667,1.0,1,5,8.327145099639893,8.327145099639893
12,0.778,0.4,1,11,6.677442789077759,2.6709771156311035
12,0.778,0.7,0,0,6.231452056339808,4.362016439437866
12,0.778,0.7,1,10,7.216452871050154,5.051517009735107
12,0.778,1.0,0,0,4.0225560665130615,4.0225560665130615
12,0.778,1.0,1,8,7.147030472755432,7.147030472755432
12,0.889,0.4,1,12,5.962453782558441,2.3849815130233765
12,0.889,0.7,1,14,6.013610192707607,4.209527134895325
12,0.889,1.0,0,0,3.276988983154297,3.276988983154297
12,0.889,1.0,1,13,5.721014022827148,5.721014022827148
12,1.0,0.4,1,10,4.848652482032775,1.9394609928131101
12,1.0,0.7,1,13,5.35440138408116,3.748080968856812
12,1.0,1.0,0,0,2.6509859561920166,2.6509859561920166
12,1.0,1.0,1,13,5.191934108734131,5.191934108734131
13,0.0,0.4,0,0,7.0680570602417,2.82722282409668
13,0.0,0.4,1,102,13.067481219768524,5.22699248790741
13,0.0,0.7,0,0,3.3956684385027205,2.3769679069519043
13,0.0,0.7,1,102,7.175691468375071,5.022984027862549
13,0.0,1.0,0,0,2.6039910316467285,2.6039910316467285
13,0.0,1.0,1,103,5.186954975128174,5.186954975128174
13,0.111,0.4,0,0,11.943727433681488,4.777490973472595
13,0.111,0.4,1,2,3.9500412344932556,1.5800164937973022
13,0.111,0.7,0,0,9.0535649231502,6.337495446205139
13,0.111,1.0,0,0,5.006108999252319,5.006108999252319
13,0.111,1.0,1,3,5.798966884613037,5.798966884613037
13,0.222,0.4,0,0,17.337532341480255,6.935012936592102
13,0.222,0.4,1,8,7.435011267662048,2.9740045070648193
13,0.222,0.7,0,0,8.765668528420585,6.135967969894409
13,0.222,0.7,1,3,7.359986986432757,5.15199089050293
13,0.222,1.0,0,0,4.552000999450684,4.552000999450684
13,0.222,1.0,1,2,3.5834779739379883,3.5834779739379883
13,0.333,0.4,0,0,12.603952586650848,5.041581034660339
13,0.333,0.4,1,6,6.935109794139862,2.774043917655945
13,0.333,0.7,0,0,8.075932094029017,5.6531524658203125
13,0.333,0.7,1,4,4.262156486511232,2.983509540557862
13,0.333,1.0,0,0,5.298545479774475,5.298545479774475
13,0.333,1.0,1,4,5.306520581245422,5.306520581245422
13,0.444,0.4,1,13,5.4278624057769775,2.171144962310791
13,0.444,0.7,0,0,8.045708451952253,5.631995916366577
13,0.444,0.7,1,5,6.635714258466448,4.644999980926514
13,0.444,1.0,0,0,5.445997476577759,5.445997476577759
13,0.444,1.0,1,5,3.5879831314086914,3.5879831314086914
13,0.556,0.4,1,14,5.731343924999237,2.292537569999695
13,0.556,0.7,0,0,7.267311300550189,5.087117910385132
13,0.556,0.7,1,12,4.359998021806989,3.0519986152648926
13,0.556,1.0,0,0,4.672984957695007,4.672984957695007
13,0.556,1.0,1,7,5.049007892608643,5.049007892608643
13,0.667,0.4,1,14,4.836056232452393,1.934422492980957
13,0.667,0.7,1,14,4.518474340438843,3.16293203830719
13,0.667,1.0,0,0,5.736030101776123,5.736030101776123
13,0.667,1.0,1,8,4.933493494987488,4.933493494987488
13,0.778,0.4,1,14,4.02389258146286,1.609557032585144
13,0.778,0.7,1,14,3.22299565587725,2.2560969591140747
13,0.778,1.0,0,0,2.655025005340576,2.655025005340576
13,0.778,1.0,1,13,4.03902006149292,4.03902006149292
13,0.889,0.4,1,14,3.789961338043213,1.5159845352172852
13,0.889,0.7,1,14,3.0178700174604147,2.11250901222229
13,0.889,1.0,0,0,5.2590190172195435,5.2590190172195435
13,0.889,1.0,1,12,3.2015175819396973,3.2015175819396973
13,1.0,0.4,1,14,3.5850223898887634,1.4340089559555054
13,1.0,0.7,1,14,3.2363598687308177,2.2654519081115723
13,1.0,1.0,0,0,1.7449419498443604,1.7449419498443604
13,1.0,1.0,1,13,3.1120498180389404,3.1120498180389404
14,0.0,0.4,0,0,23.9012211561203,9.56048846244812
14,0.0,0.4,1,119,16.499980092048645,6.599992036819458
14,0.0,0.7,0,0,11.4743287222726,8.03203010559082
14,0.0,0.7,1,116,9.305610145841326,6.513927102088928
14,0.0,1.0,0,0,7.759131193161011,7.759131193161011
14,0.0,1.0,1,116,6.529543995857239,6.529543995857239
14,0.111,0.4,0,0,19.09752130508423,7.639008522033691
14,0.111,0.7,0,0,7.917188576289586,5.54203200340271
14,0.111,1.0,0,0,7.524065971374512,7.524065971374512
14,0.111,1.0,1,1,6.810016870498657,6.810016870498657
14,0.222,0.4,0,0,17.44746208190918,6.978984832763672
14,0.222,0.4,1,1,22.66499996185303,9.065999984741213
14,0.222,0.7,0,0,9.305611337934222,6.513927936553955
14,0.222,1.0,0,0,5.721083879470825,5.721083879470825
14,0.222,1.0,1,1,9.375976085662842,9.375976085662842
14,0.333,0.4,0,0,13.644629716873169,5.457851886749268
14,0.333,0.4,1,2,13.192544877529144,5.277017951011658
14,0.333,0.7,0,0,11.428704261779785,8.00009298324585
14,0.333,0.7,1,2,13.298533473696029,9.30897343158722
14,0.333,1.0,0,0,7.2385255098342896,7.2385255098342896
14,0.444,0.4,0,0,16.00009024143219,6.400036096572876
14,0.444,0.4,1,3,18.960055112838745,7.584022045135498
14,0.444,0.7,0,0,10.298780032566617,7.209146022796631
14,0.444,0.7,1,1,17.074310098375598,11.952017068862917
14,0.444,1.0,0,0,6.9900219440460205,6.9900219440460205
14,0.556,0.4,0,0,13.283967673778534,5.313587069511414
14,0.556,0.4,1,5,7.520055174827576,3.0080220699310303
14,0.556,0.7,0,0,8.459217207772392,5.921452045440674
14,0.556,0.7,1,2,10.675083569117955,7.472558498382568
14,0.556,1.0,0,0,7.900004863739014,7.900004863739014
14,0.556,1.0,1,3,9.631984949111938,9.631984949111938
14,0.667,0.4,1,10,9.723640084266663,3.889456033706665
14,0.667,0.7,0,0,10.270005634852819,7.189003944396973
14,0.667,0.7,1,6,8.327076435089113,5.828953504562378
14,0.667,1.0,0,0,5.109599471092224,5.109599471092224
14,0.667,1.0,1,9,8.499990940093994,8.499990940093994
14,0.778,0.4,1,9,6.007440090179443,2.4029760360717773
14,0.778,0.7,0,0,6.717009884970529,4.70190691947937
14,0.778,0.7,1,9,7.5826927593776166,5.307884931564331
14,0.778,1.0,0,0,5.6335824728012085,5.6335824728012085
14,0.778,1.0,1,9,6.84301495552063,6.84301495552063
14,0.889,0.4,1,9,5.08252501487732,2.033010005950928
14,0.889,0.7,1,10,5.2300563880375455,3.6610394716262817
14,0.889,1.0,0,0,2.545927047729492,2.545927047729492
14,0.889,1.0,1,12,5.949998378753662,5.949998378753662
14,1.0,0.4,1,12,5.185009837150574,2.0740039348602295
14,1.0,0.7,1,14,4.533394234521049,3.173375964164734
14,1.0,1.0,1,11,5.282954931259155,5.282954931259155
15,0.0,0.4,0,0,15.375017523765564,6.150007009506226
15,0.0,0.4,1,91,15.000145435333252,6.000058174133301
15,0.0,0.7,0,0,7.337899889264788,5.136529922485352
15,0.0,0.7,1,81,7.697179998670306,5.388025999069214
15,0.0,1.0,0,0,6.981007099151611,6.981007099151611
15,0.0,1.0,1,78,5.3965160846710205,5.3965160846710205
15,0.111,0.4,0,0,9.906383752822876,3.9625535011291504
15,0.111,0.4,1,6,16.15752011537552,6.4630080461502075
15,0.111,0.7,0,0,6.661630017416818,4.6631410121917725
15,0.111,0.7,1,2,9.712762151445661,6.798933506011963
15,0.111,1.0,0,0,6.307471036911011,6.307471036911011
15,0.111,1.0,1,3,8.688055992126465,8.688055992126465
15,0.222,0.4,0,0,18.002587258815765,7.201034903526306
15,0.222,0.4,1,6,7.986459732055664,3.1945838928222656
15,0.222,0.7,0,0,8.999188627515519,6.299432039260864
15,0.222,0.7,1,1,10.955727100372314,7.66900897026062
15,0.222,1.0,0,0,5.149478912353516,5.149478912353516
15,0.222,1.0,1,4,6.16511857509613,6.16511857509613
15,0.333,0.4,0,0,13.401303887367249,5.360521554946899
15,0.333,0.4,1,11,7.27265477180481,2.909061908721924
15,0.333,0.7,0,0,12.615732806069511,8.831012964248657
15,0.333,0.7,1,9,4.984325681413924,3.489027976989746
15,0.333,1.0,0,0,6.653091907501221,6.653091907501221
15,0.333,1.0,1,2,8.114492654800415,8.114492654800415
15,0.444,0.4,0,0,15.273613929748535,6.109445571899414
15,0.444,0.4,1,12,6.981167495250702,2.7924669981002808
15,0.444,0.7,0,0,9.010031393596105,6.307021975517273
15,0.444,0.7,1,7,5.865762914930071,4.10603404045105
15,0.444,1.0,0,0,6.8829275369644165,6.8829275369644165
15,0.444,1.0,1,5,6.795058965682983,6.795058965682983
15,0.556,0.4,1,14,4.676141142845154,1.8704564571380615
15,0.556,0.7,0,0,6.361554350171771,4.453088045120239
15,0.556,0.7,1,12,6.225725752966746,4.358008027076721
15,0.556,1.0,0,0,5.934827089309692,5.934827089309692
15,0.556,1.0,1,10,6.176037073135376,6.176037073135376
15,0.667,0.4,1,14,4.937487542629242,1.974995017051697
15,0.667,0.7,1,14,5.243527037756784,3.6704689264297485
15,0.667,1.0,0,0,4.7871458530426025,4.7871458530426025
15,0.667,1.0,1,9,6.598052978515625,6.598052978515625
15,0.778,0.4,1,14,4.577481150627136,1.8309924602508545
15,0.778,0.7,1,14,3.7286644322531566,2.6100651025772095
15,0.778,1.0,0,0,4.592975854873657,4.592975854873657
15,0.778,1.0,1,11,5.682017087936401,5.682017087936401
15,0.889,0.4,1,14,4.330053925514221,1.7320215702056885
15,0.889,0.7,1,14,3.8986471721104214,2.729053020477295
15,0.889,1.0,0,0,4.968937158584595,4.968937158584595
15,0.889,1.0,1,10,4.207517981529236,4.207517981529236
15,1.0,0.4,1,14,4.1913676261901855,1.6765470504760742
15,1.0,0.7,1,13,3.4071172986711775,2.384982109069824
15,1.0,1.0,1,14,4.192978501319885,4.192978501319885
17,0.0,0.4,0,0,14.399880170822144,5.759952068328857
17,0.0,0.4,1,121,14.12745475769043,5.650981903076172
17,0.0,0.7,0,0,5.571417127336775,3.899991989135742
17,0.0,0.7,1,125,8.528547286987305,5.969983100891113
17,0.0,1.0,0,0,5.586989402770996,5.586989402770996
17,0.0,1.0,1,119,5.776158094406128,5.776158094406128
17,0.111,0.4,0,0,15.08866012096405,6.03546404838562
17,0.111,0.7,0,0,9.834228243146624,6.883959770202637
17,0.111,0.7,1,1,7.6486154964991995,5.354030847549439
17,0.111,1.0,0,0,6.131033420562744,6.131033420562744
17,0.222,0.4,0,0,15.803840160369873,6.321536064147949
17,0.222,0.4,1,2,12.612199783325195,5.044879913330078
17,0.222,0.7,0,0,8.025767973491124,5.618037581443787
17,0.222,1.0,0,0,5.779073476791382,5.779073476791382
17,0.333,0.4,0,0,13.843759894371033,5.537503957748413
17,0.333,0.4,1,8,12.186281383037567,4.874512553215027
17,0.333,0.7,0,0,8.832086324691772,6.182460427284241
17,0.333,0.7,1,2,9.590019157954625,6.713013410568237
17,0.333,1.0,0,0,5.927000999450684,5.927000999450684
17,0.333,1.0,1,1,4.139864921569824,4.139864921569824
17,0.444,0.4,0,0,15.115322470664978,6.046128988265991
17,0.444,0.4,1,7,11.980004906654358,4.792001962661743
17,0.444,0.7,0,0,7.697249310357231,5.388074517250061
17,0.444,0.7,1,6,9.476317678179061,6.633422374725342
17,0.444,1.0,0,0,6.427053928375244,6.427053928375244
17,0.444,1.0,1,1,3.9709510803222656,3.9709510803222656
17,0.556,0.4,1,14,9.898994863033295,3.959597945213318
17,0.556,0.7,0,0,7.632097857339042,5.342468500137329
17,0.556,0.7,1,10,7.802220582962036,5.461554408073425
17,0.556,1.0,0,0,6.3034679889678955,6.3034679889678955
17,0.556,1.0,1,4,5.808960556983948,5.808960556983948
17,0.667,0.4,1,13,7.000010013580322,2.800004005432129
17,0.667,0.7,0,0,7.60340656552996,5.322384595870972
17,0.667,0.7,1,12,6.52219295501709,4.565535068511963
17,0.667,1.0,0,0,5.627936482429504,5.627936482429504
17,0.667,1.0,1,6,5.029458045959473,5.029458045959473
17,0.778,0.4,0,0,8.377490043640137,3.3509960174560547
17,0.778,0.4,1,12,4.85877126455307,1.943508505821228
17,0.778,0.7,0,0,8.52304015840803,5.96612811088562
17,0.778,0.7,1,13,4.981387002127511,3.486970901489258
17,0.778,1.0,0,0,3.960997462272644,3.960997462272644
17,0.778,1.0,1,10,5.868116974830627,5.868116974830627
17,0.889,0.4,1,13,4.657527208328247,1.8630108833312988
17,0.889,0.7,1,14,4.548575707844326,3.184002995491028
17,0.889,1.0,0,0,6.820134162902832,6.820134162902832
17,0.889,1.0,1,11,4.337992191314697,4.337992191314697
17,1.0,0.4,1,14,4.543806314468384,1.8175225257873535
17,1.0,0.7,1,14,4.106387751443045,2.874471426010132
17,1.0,1.0,0,0,4.80691123008728,4.80691123008728
17,1.0,1.0,1,13,3.6070199012756334,3.6070199012756334
18,0.0,0.4,0,0,8.367452621459961,3.3469810485839844
18,0.0,0.4,1,65,9.727517366409302,3.8910069465637207
18,0.0,0.7,0,0,5.6045472621917725,3.9231830835342407
18,0.0,0.7,1,64,5.672889947891236,3.9710229635238647
18,0.0,1.0,0,0,3.8255493640899667,3.8255493640899667
18,0.0,1.0,1,68,3.721518039703369,3.721518039703369
18,0.111,0.4,0,0,10.712555050849915,4.285022020339966
18,0.111,0.4,1,7,8.892677426338196,3.5570709705352783
18,0.111,0.7,0,0,5.894315583365304,4.126020908355713
18,0.111,0.7,1,3,9.059931210109166,6.341951847076416
18,0.111,1.0,0,0,4.631533980369568,4.631533980369568
18,0.111,1.0,1,6,3.6640160083770756,3.6640160083770756
18,0.222,0.4,0,0,7.415753901004791,2.9663015604019165
18,0.222,0.4,1,8,9.45997029542923,3.783988118171692
18,0.222,0.7,0,0,6.089337212698801,4.26253604888916
18,0.222,0.7,1,4,5.616525071007866,3.9315675497055054
18,0.222,1.0,0,0,4.817183971405029,4.817183971405029
18,0.222,1.0,1,6,3.8180500268936157,3.8180500268936157
18,0.333,0.4,0,0,11.348746418952942,4.539498567581177
18,0.333,0.4,1,10,6.57622903585434,2.630491614341736
18,0.333,0.7,0,0,4.560107163020543,3.19207501411438
18,0.333,0.7,1,5,4.9727869033813485,3.480950832366944
18,0.333,1.0,0,0,3.891921997070313,3.891921997070313
18,0.333,1.0,1,5,5.089990139007568,5.089990139007568
18,0.444,0.4,1,12,7.562800943851471,3.0251203775405884
18,0.444,0.7,0,0,7.177889857973372,5.02452290058136
18,0.444,0.7,1,6,4.4399486269269675,3.107964038848877
18,0.444,1.0,0,0,6.279538035392761,6.279538035392761
18,0.444,1.0,1,8,4.130542516708374,4.130542516708374
18,0.556,0.4,1,12,5.162537693977356,2.0650150775909424
18,0.556,0.7,0,0,3.4206322261265347,2.394442558288574
18,0.556,0.7,1,10,4.0093077932085315,2.806515455245972
18,0.556,1.0,0,0,4.955876111984253,4.955876111984253
18,0.556,1.0,1,7,3.103983163833618,3.103983163833618
18,0.667,0.4,1,12,4.0213024616241455,1.6085209846496582
18,0.667,0.7,0,0,5.54995128086635,3.884965896606445
18,0.667,0.7,1,7,5.197029794965472,3.63792085647583
18,0.667,1.0,0,0,2.9049770832061768,2.9049770832061768
18,0.667,1.0,1,9,3.453040838241577,3.453040838241577
18,0.778,0.4,1,12,4.7148853540420514,1.8859541416168208
18,0.778,0.7,0,0,4.0542135919843405,2.837949514389038
18,0.778,0.7,1,10,5.086394037519183,3.5604758262634277
18,0.778,1.0,0,0,2.5428109169006348,2.5428109169006348
18,0.778,1.0,1,5,3.786885976791382,3.786885976791382
18,0.889,0.4,1,12,4.389857351779938,1.755942940711975
18,0.889,0.7,1,12,4.309200048446655,3.0164400339126587
18,0.889,1.0,0,0,3.025531053543091,3.025531053543091
18,0.889,1.0,1,7,3.4871530532836914,3.4871530532836914
18,1.0,0.4,1,12,4.14752870798111,1.6590114831924438
18,1.0,0.7,1,12,3.983496427536011,2.7884474992752075
18,1.0,1.0,1,11,3.01705002784729,3.01705002784729
20,0.0,0.4,0,0,11.639965176582336,4.655986070632935
20,0.0,0.4,1,90,9.353076219558716,3.7412304878234863
20,0.0,0.7,0,0,5.578611407961165,3.905027985572815
20,0.0,0.7,1,100,5.144349506923131,3.6010446548461914
20,0.0,1.0,0,0,4.236492991447449,4.236492991447449
20,0.0,1.0,1,92,3.6118844747543335,3.6118844747543335
20,0.111,0.4,0,0,7.522492408752442,3.008996963500977
20,0.111,0.4,1,5,10.872472524642944,4.348989009857178
20,0.111,0.7,0,0,4.0715588842119494,2.8500912189483643
20,0.111,0.7,1,1,5.385939734322685,3.770157814025879
20,0.111,1.0,0,0,4.656462073326111,4.656462073326111
20,0.111,1.0,1,4,3.685073494911194,3.685073494911194
20,0.222,0.4,0,0,7.829614877700806,3.1318459510803223
20,0.222,0.4,1,7,10.747272372245789,4.298908948898315
20,0.222,0.7,0,0,4.542908668518066,3.1800360679626465
20,0.222,0.7,1,3,5.918651308332173,4.14305591583252
20,0.222,1.0,0,0,3.199955940246582,3.199955940246582
20,0.222,1.0,1,5,3.6390228271484375,3.6390228271484375
20,0.333,0.4,0,0,9.129956960678099,3.65198278427124
20,0.333,0.4,1,7,9.347637295722961,3.739054918289185
20,0.333,0.7,0,0,4.271382604326521,2.9899678230285645
20,0.333,0.7,1,5,5.522754192352295,3.8659279346466064
20,0.333,1.0,0,0,3.3890039920806885,3.3890039920806885
20,0.333,1.0,1,7,4.259008884429932,4.259008884429932
20,0.444,0.4,0,0,7.582489848136902,3.0329959392547607
20,0.444,0.4,1,11,6.5548354387283325,2.621934175491333
20,0.444,0.7,0,0,5.3899928501674115,3.772994995117188
20,0.444,0.7,1,11,5.089997223445348,3.562998056411743
20,0.444,1.0,0,0,4.269039988517761,4.269039988517761
20,0.444,1.0,1,8,5.215563535690308,5.215563535690308
20,0.556,0.4,0,0,8.553835153579712,3.4215340614318848
20,0.556,0.4,1,12,5.530138909816742,2.2120555639266968
20,0.556,0.7,0,0,3.840219974517823,2.688153982162476
20,0.556,0.7,1,13,4.268561431339809,2.987993001937866
20,0.556,1.0,0,0,2.7339658737182617,2.7339658737182617
20,0.556,1.0,1,7,4.19595193862915,4.19595193862915
20,0.667,0.4,1,14,4.758612215518951,1.9034448862075806
20,0.667,0.7,0,0,3.8082984515598843,2.665808916091919
20,0.667,0.7,1,13,3.904279981340682,2.732995986938477
20,0.667,1.0,0,0,3.0534133911132812,3.0534133911132812
20,0.667,1.0,1,10,3.388506293296814,3.388506293296814
20,0.778,0.4,1,14,4.227533936500549,1.6910135746002197
20,0.778,0.7,0,0,3.987205709729876,2.791043996810913
20,0.778,0.7,1,13,3.9085187230791365,2.7359631061553955
20,0.778,1.0,0,0,2.8055773973464966,2.8055773973464966
20,0.778,1.0,1,12,3.6269810199737544,3.6269810199737544
20,0.889,0.4,1,14,4.338647425174713,1.7354589700698853
20,0.889,0.7,1,14,3.1535705498286655,2.207499384880066
20,0.889,1.0,0,0,3.097000002861023,3.097000002861023
20,0.889,1.0,1,12,3.5609904527664185,3.5609904527664185
20,1.0,0.4,1,14,3.9358398318290706,1.5743359327316284
20,1.0,0.7,1,14,3.026398590632848,2.118479013442993
20,1.0,1.0,1,14,3.1339800357818604,3.1339800357818604
21,0.0,0.4,0,0,16.757852435112,6.7031409740448
21,0.0,0.4,1,63,16.38264775276184,6.553059101104736
21,0.0,0.7,0,0,8.190710714885167,5.733497500419617
21,0.0,0.7,1,71,10.455731664385116,7.31901216506958
21,0.0,1.0,0,0,6.260991096496582,6.260991096496582
21,0.0,1.0,1,66,7.44400155544281,7.44400155544281
21,0.111,0.4,0,0,16.4650559425354,6.58602237701416
21,0.111,0.4,1,9,16.914904713630676,6.765961885452271
21,0.111,0.7,0,0,10.277031149183001,7.193921804428101
21,0.111,0.7,1,7,8.00999437059675,5.606996059417725
21,0.111,1.0,0,0,5.385986566543579,5.385986566543579
21,0.111,1.0,1,6,8.82250463962555,8.82250463962555
21,0.222,0.4,0,0,16.74024373292923,6.696097493171692
21,0.222,0.4,1,10,15.579985082149506,6.231994032859802
21,0.222,0.7,0,0,9.98218195778983,6.987527370452881
21,0.222,0.7,1,9,7.010102612631662,4.907071828842163
21,0.222,1.0,0,0,7.041844129562378,7.041844129562378
21,0.222,1.0,1,11,6.02905797958374,6.02905797958374
21,0.333,0.4,1,14,11.227308809757233,4.490923523902893
21,0.333,0.7,0,0,10.72864123753139,7.510048866271973
21,0.333,0.7,1,5,8.032714298793248,5.622900009155273
21,0.333,1.0,0,0,7.667999982833862,7.667999982833862
21,0.333,1.0,1,6,7.066999554634094,7.066999554634094
21,0.444,0.4,0,0,14.112487435340881,5.6449949741363525
21,0.444,0.4,1,11,9.972477555274963,3.988991022109986
21,0.444,0.7,0,0,9.42862732069833,6.600039124488831
21,0.444,0.7,1,12,7.214903490883964,5.050432443618774
21,0.444,1.0,0,0,5.91301703453064,5.91301703453064
21,0.444,1.0,1,8,6.4470055103302,6.4470055103302
21,0.556,0.4,0,0,13.837385177612305,5.534954071044922
21,0.556,0.4,1,13,7.8151273727417,3.12605094909668
21,0.556,0.7,0,0,10.787103516714915,7.5509724617004395
21,0.556,0.7,1,12,6.654430116925921,4.6581010818481445
21,0.556,1.0,0,0,9.27903699874878,9.27903699874878
21,0.556,1.0,1,8,7.580027103424072,7.580027103424072
21,0.667,0.4,1,12,4.954983592033385,1.9819934368133543
21,0.667,0.7,0,0,10.569312231881279,7.3985185623168945
21,0.667,0.7,1,12,5.123603514262609,3.586522459983826
21,0.667,1.0,0,0,8.948925495147705,8.948925495147705
21,0.667,1.0,1,10,4.621928453445435,4.621928453445435
21,0.778,0.4,1,13,4.819992780685425,1.92799711227417
21,0.778,0.7,1,14,4.262767859867641,2.9839375019073486
21,0.778,1.0,0,0,7.360081911087036,7.360081911087036
21,0.778,1.0,1,13,5.2100670337677,5.2100670337677
21,0.889,0.4,1,14,4.651386141777039,1.8605544567108154
21,0.889,0.7,1,14,5.149930715560913,3.604951500892639
21,0.889,1.0,1,14,5.2190024852752686,5.2190024852752686
21,1.0,0.4,1,14,4.758707582950592,1.9034830331802368
21,1.0,0.7,1,14,4.600669997079033,3.2204689979553223
21,1.0,1.0,1,14,4.281963586807251,4.281963586807251
24,0.0,0.4,0,0,9.122607707977295,3.649043083190918
24,0.0,0.4,1,115,11.442527174949646,4.577010869979858
24,0.0,0.7,0,0,14.663612842559814,10.26452898979187
24,0.0,0.7,1,117,6.922874450683594,4.846012115478516
24,0.0,1.0,0,0,10.195857048034668,10.195857048034668
24,0.0,1.0,1,116,4.57391893863678,4.57391893863678
24,0.111,0.4,0,0,13.487367630004883,5.394947052001953
24,0.111,0.7,0,0,7.329957144601005,5.130970001220703
24,0.111,1.0,0,0,4.827944040298462,4.827944040298462
24,0.222,0.4,0,0,8.132542371749878,3.253016948699951
24,0.222,0.4,1,1,6.1473000049591064,2.4589200019836426
24,0.222,0.7,0,0,6.805037260055542,4.763526082038879
24,0.222,1.0,0,0,4.020447015762329,4.020447015762329
24,0.333,0.4,0,0,12.192655205726624,4.877062082290649
24,0.333,0.4,1,3,14.57751989364624,5.831007957458496
24,0.333,0.7,0,0,7.837771517889841,5.486440062522888
24,0.333,1.0,0,0,4.482030034065247,4.482030034065247
24,0.333,1.0,1,1,6.6791300773620605,6.6791300773620605
24,0.444,0.4,0,0,12.014100253582,4.8056401014328
24,0.444,0.4,1,5,16.67257249355316,6.669028997421265
24,0.444,0.7,0,0,8.943066937582834,6.260146856307983
24,0.444,0.7,1,2,12.052109241485596,8.436476469039917
24,0.444,1.0,0,0,6.287134170532227,6.287134170532227
24,0.556,0.4,0,0,10.737460255622864,4.2949841022491455
24,0.556,0.4,1,8,8.131217360496521,3.2524869441986084
24,0.556,0.7,0,0,9.102925913674493,6.372048139572144
24,0.556,0.7,1,4,6.772044045584543,4.74043083190918
24,0.556,1.0,0,0,4.248042106628418,4.248042106628418
24,0.667,0.4,1,9,10.164917707443237,4.065967082977295
24,0.667,0.7,0,0,7.034894057682583,4.924425840377808
24,0.667,0.7,1,5,6.445791380746025,4.512053966522217
24,0.667,1.0,0,0,3.662101984024048,3.662101984024048
24,0.667,1.0,1,3,8.952012062072754,8.952012062072754
24,0.778,0.4,0,0,7.947394847869873,3.178957939147949
24,0.778,0.4,1,8,5.672772824764251,2.2691091299057007
24,0.778,0.7,0,0,4.670013019016812,3.269009113311768
24,0.778,0.7,1,10,6.576487166540963,4.603541016578674
24,0.778,1.0,0,0,4.373537540435791,4.373537540435791
24,0.778,1.0,1,2,7.153448462486267,7.153448462486267
24,0.889,0.4,0,0,6.380370259284973,2.5521481037139893
24,0.889,0.4,1,8,5.398697853088379,2.1594791412353516
24,0.889,0.7,0,0,3.625009230204991,2.5375064611434937
24,0.889,0.7,1,6,5.660638468606132,3.9624469280242924
24,0.889,1.0,0,0,3.974985122680664,3.974985122680664
24,0.889,1.0,1,5,6.479014873504639,6.479014873504639
24,1.0,0.4,1,12,5.117157399654388,2.0468629598617554
24,1.0,0.7,0,0,2.7970654623849054,1.9579458236694336
24,1.0,0.7,1,9,4.007088797433036,2.804962158203125
24,1.0,1.0,0,0,3.2869439125061035,3.2869439125061035
24,1.0,1.0,1,9,6.050493001937866,6.050493001937866
25,0.0,0.4,0,0,20.31271517276764,8.125086069107056
25,0.0,0.4,1,125,9.464960098266602,3.7859840393066406
25,0.0,0.7,0,0,8.338184186390468,5.836728930473328
25,0.0,0.7,1,124,5.809480122157506,4.066636085510254
25,0.0,1.0,0,0,5.583994030952454,5.583994030952454
25,0.0,1.0,1,120,4.022022604942322,4.022022604942322
25,0.111,0.4,0,0,10.229947566986084,4.091979026794434
25,0.111,0.7,0,0,7.048554250172207,4.933987975120544
25,0.111,1.0,0,0,4.275885820388794,4.275885820388794
25,0.111,1.0,1,1,3.9901068210601807,3.9901068210601807
25,0.222,0.4,0,0,10.385022759437561,4.154009103775024
25,0.222,0.4,1,3,9.862430095672607,3.944972038269043
25,0.222,0.7,0,0,4.965757131576539,3.4760299921035767
25,0.222,0.7,1,2,5.718510661806381,4.002957463264465
25,0.222,1.0,0,0,4.171952962875366,4.171952962875366
25,0.222,1.0,1,1,5.027998924255371,5.027998924255371
25,0.333,0.4,0,0,9.346266090869904,3.7385064363479614
25,0.333,0.4,1,4,12.233120203018188,4.893248081207275
25,0.333,0.7,0,0,5.047163793018886,3.53301465511322
25,0.333,0.7,1,2,6.359993730272566,4.451995611190796
25,0.333,1.0,0,0,3.7403885126113896,3.7403885126113896
25,0.444,0.4,0,0,11.413801312446594,4.565520524978638
25,0.444,0.4,1,9,6.922205090522766,2.7688820362091064
25,0.444,0.7,0,0,4.479968547821045,3.1359779834747314
25,0.444,0.7,1,6,6.163619245801653,4.314533472061157
25,0.444,1.0,0,0,4.224571466445923,4.224571466445923
25,0.444,1.0,1,2,6.812490940093994,6.812490940093994
25,0.556,0.4,0,0,15.134984850883484,6.0539939403533936
25,0.556,0.4,1,12,6.999982595443726,2.7999930381774902
25,0.556,0.7,0,0,5.3686530249459405,3.758057117462158
25,0.556,0.7,1,12,5.502080065863473,3.851456046104431
25,0.556,1.0,0,0,4.095879077911377,4.095879077911377
25,0.556,1.0,1,3,5.681132078170776,5.681132078170776
25,0.667,0.4,1,13,5.067842602729797,2.027137041091919
25,0.667,0.7,0,0,3.834356921059745,2.6840498447418213
25,0.667,0.7,1,13,5.720121519906181,4.004085063934326
25,0.667,1.0,0,0,3.8529759645462036,3.8529759645462036
25,0.667,1.0,1,8,4.889940023422241,4.889940023422241
25,0.778,0.4,1,14,4.706460237503052,1.8825840950012207
25,0.778,0.7,1,14,4.342754908970425,3.039928436279297
25,0.778,1.0,0,0,4.487152099609375,4.487152099609375
25,0.778,1.0,1,11,4.838051080703735,4.838051080703735
25,0.889,0.4,1,14,4.280001521110535,1.7120006084442139
25,0.889,0.7,1,13,4.230204309735979,2.961143016815185
25,0.889,1.0,0,0,3.422822952270508,3.422822952270508
25,0.889,1.0,1,13,4.269989967346191,4.269989967346191
25,1.0,0.4,1,14,4.5450350642204285,1.8180140256881714
25,1.0,0.7,1,14,3.4134127412523543,2.389388918876648
25,1.0,1.0,1,14,3.6240599155426025,3.6240599155426025
27,0.0,0.4,0,0,7.709965109825134,3.0839860439300537
27,0.0,0.4,1,87,8.837442398071289,3.534976959228516
27,0.0,0.7,0,0,3.662927150726319,2.564049005508423
27,0.0,0.7,1,87,4.905687400272915,3.43398118019104
27,0.0,1.0,0,0,3.1759700775146484,3.1759700775146484
27,0.0,1.0,1,91,3.467008113861084,3.467008113861084
27,0.111,0.4,0,0,8.44259262084961,3.377037048339844
27,0.111,0.4,1,5,8.08498740196228,3.233994960784912
27,0.111,0.7,0,0,4.024541548320226,2.8171790838241577
27,0.111,0.7,1,6,3.336599384035383,2.335619568824768
27,0.111,1.0,0,0,3.3081870079040527,3.3081870079040527
27,0.111,1.0,1,5,3.9039790630340576,3.9039790630340576
27,0.222,0.4,0,0,6.856258511543274,2.7425034046173096
27,0.222,0.4,1,8,5.442414879798889,2.1769659519195557
27,0.222,0.7,0,0,5.358709267207555,3.751096487045288
27,0.222,0.7,1,4,4.146317073277065,2.9024219512939453
27,0.222,1.0,0,0,3.1970579624176025,3.1970579624176025
27,0.222,1.0,1,5,2.49609899520874,2.49609899520874
27,0.333,0.4,0,0,8.19255381822586,3.2770215272903442
27,0.333,0.4,1,12,4.621281325817108,1.8485125303268433
27,0.333,0.7,0,0,4.821405751364572,3.3749840259552
27,0.333,0.7,1,6,3.6484478201184953,2.5539134740829468
27,0.333,1.0,0,0,4.054996967315674,4.054996967315674
27,0.333,1.0,1,5,3.096881151199341,3.096881151199341
27,0.444,0.4,0,0,4.940339922904968,1.9761359691619875
27,0.444,0.4,1,13,5.19219219684601,2.076876878738404
27,0.444,0.7,0,0,4.396349191665649,3.0774444341659546
27,0.444,0.7,1,6,3.3750929151262556,2.362565040588379
27,0.444,1.0,0,0,4.127971172332764,4.127971172332764
27,0.444,1.0,1,7,3.3219869136810303,3.3219869136810303
27,0.556,0.4,1,14,5.3801751136779785,2.1520700454711914
27,0.556,0.7,0,0,5.449817180633545,3.8148720264434814
27,0.556,0.7,1,9,3.9184955188206265,2.7429468631744385
27,0.556,1.0,0,0,3.6185184717178345,3.6185184717178345
27,0.556,1.0,1,8,2.139792561531067,2.139792561531067
27,0.667,0.4,0,0,4.315344691276549,1.72613787651062
27,0.667,0.4,1,13,4.577347636222839,1.830939054489136
27,0.667,0.7,0,0,5.953579119273595,4.167505383491516
27,0.667,0.7,1,10,3.8463621480124344,2.692453503608704
27,0.667,1.0,0,0,4.2129998207092285,4.2129998207092285
27,0.667,1.0,1,9,2.938981056213379,2.938981056213379
27,0.778,0.4,1,14,3.966478705406189,1.5865914821624756
27,0.778,0.7,0,0,4.084258760724749,2.858981132507324
27,0.778,0.7,1,13,3.2388799531119212,2.2672159671783447
27,0.778,1.0,0,0,3.2214925289154053,3.2214925289154053
27,0.778,1.0,1,12,3.2220464944839478,3.2220464944839478
27,0.889,0.4,1,14,3.568793833255768,1.4275175333023071
27,0.889,0.7,1,14,3.281444822038923,2.297011375427246
27,0.889,1.0,0,0,4.103168964385986,4.103168964385986
27,0.889,1.0,1,13,3.0978479385375977,3.0978479385375977
27,1.0,0.4,1,14,3.6748462915420532,1.4699385166168213
27,1.0,0.7,1,14,2.9064192090715686,2.0344934463500977
27,1.0,1.0,0,0,3.080521583557129,3.080521583557129
27,1.0,1.0,1,10,2.561593532562256,2.561593532562256
28,0.0,0.4,0,0,14.12922501564026,5.651690006256104
28,0.0,0.4,1,118,15.052542686462402,6.021017074584961
28,0.0,0.7,0,0,8.506484201976232,5.954538941383362
28,0.0,0.7,1,118,8.307679891586304,5.815375924110413
28,0.0,1.0,0,0,7.612331867218018,7.612331867218018
28,0.0,1.0,1,114,6.167635560035706,6.167635560035706
28,0.111,0.4,0,0,16.49110645055771,6.5964425802230835
28,0.111,0.7,0,0,8.965055091040476,6.2755385637283325
28,0.111,1.0,0,0,7.209993124008179,7.209993124008179
28,0.111,1.0,1,2,4.8862199783325195,4.8862199783325195
28,0.222,0.4,0,0,17.85991996526718,7.143967986106873
28,0.222,0.4,1,2,10.63740998506546,4.254963994026184
28,0.222,0.7,0,0,10.197169780731201,7.138018846511841
28,0.222,0.7,1,1,3.7758255004882817,2.643077850341797
28,0.222,1.0,0,0,5.665953040122986,5.665953040122986
28,0.333,0.4,0,0,15.604976117610931,6.241990447044373
28,0.333,0.4,1,6,16.18618756532669,6.474475026130676
28,0.333,0.7,0,0,8.48062072481428,5.936434507369995
28,0.333,0.7,1,4,10.67930715424674,7.475515007972717
28,0.333,1.0,0,0,6.53999400138855,6.53999400138855
28,0.333,1.0,1,1,6.736696004867554,6.736696004867554
28,0.444,0.4,0,0,14.932462275028229,5.9729849100112915
28,0.444,0.4,1,7,4.597327709197998,1.8389310836791992
28,0.444,0.7,0,0,10.691265719277519,7.483886003494263
28,0.444,0.7,1,5,11.43284865788051,8.002994060516357
28,0.444,1.0,0,0,5.174556016921997,5.174556016921997
28,0.444,1.0,1,1,8.893036127090454,8.893036127090454
28,0.556,0.4,1,14,8.749986290931702,3.4999945163726807
28,0.556,0.7,0,0,9.089778491428921,6.362844944000244
28,0.556,0.7,1,7,10.138511317116876,7.096957921981812
28,0.556,1.0,0,0,6.805134415626526,6.805134415626526
28,0.556,1.0,1,2,8.369556069374084,8.369556069374084
28,0.667,0.4,1,14,5.97766637802124,2.391066551208496
28,0.667,0.7,0,0,9.248854432787214,6.47419810295105
28,0.667,0.7,1,10,6.135116474969047,4.2945815324783325
28,0.667,1.0,0,0,5.7160351276397705,5.7160351276397705
28,0.667,1.0,1,8,8.549955606460571,8.549955606460571
28,0.778,0.4,1,14,5.093676149845123,2.0374704599380493
28,0.778,0.7,1,14,6.322089263371059,4.425462484359741
28,0.778,1.0,0,0,6.760068893432617,6.760068893432617
28,0.778,1.0,1,11,7.768953084945679,7.768953084945679
28,0.889,0.4,1,14,4.468601047992706,1.7874404191970825
28,0.889,0.7,1,14,5.087973560605731,3.5615814924240112
28,0.889,1.0,0,0,6.673021078109741,6.673021078109741
28,0.889,1.0,1,12,5.997995972633362,5.997995972633362
28,1.0,0.4,1,13,4.529932141304016,1.8119728565216064
28,1.0,0.7,1,13,3.9185987200055807,2.7430191040039062
28,1.0,1.0,1,12,4.724532961845398,4.724532961845398
29,0.0,0.4,0,0,19.430124759674072,7.772049903869629
29,0.0,0.4,1,106,11.30257099866867,4.521028399467468
29,0.0,0.7,0,0,9.688527243477958,6.78196907043457
29,0.0,0.7,1,104,6.7128150803702225,4.698970556259155
29,0.0,1.0,0,0,6.441987991333008,6.441987991333008
29,0.0,1.0,1,98,4.75500750541687,4.75500750541687
29,0.111,0.4,0,0,12.981193959712982,5.192477583885193
29,0.111,0.7,0,0,6.644328662327358,4.65103006362915
29,0.111,0.7,1,2,9.640723637172155,6.748506546020508
29,0.111,1.0,0,0,4.220024108886719,4.220024108886719
29,0.111,1.0,1,5,5.703613042831421,5.703613042831421
29,0.222,0.4,0,0,18.497482538223267,7.398993015289307
29,0.222,0.4,1,5,13.79769265651703,5.519077062606812
29,0.222,0.7,0,0,7.097228595188686,4.96806001663208
29,0.222,0.7,1,1,8.249900000435966,5.774930000305176
29,0.222,1.0,0,0,4.754908442497253,4.754908442497253
29,0.222,1.0,1,1,5.650960922241211,5.650960922241211
29,0.333,0.4,0,0,10.196268558502197,4.078507423400879
29,0.333,0.4,1,10,13.326344788074493,5.330537915229797
29,0.333,0.7,0,0,7.207150799887522,5.045005559921265
29,0.333,0.7,1,4,8.899258715765818,6.229481101036072
29,0.333,1.0,0,0,4.728509545326233,4.728509545326233
29,0.333,1.0,1,2,7.323022484779358,7.323022484779358
29,0.444,0.4,0,0,6.679964661598206,2.6719858646392822
29,0.444,0.4,1,13,8.767449855804443,3.5069799423217773
29,0.444,0.7,0,0,5.914324351719448,4.140027046203613
29,0.444,0.7,1,6,8.440682888031006,5.908478021621704
29,0.444,1.0,0,0,3.627016067504883,3.627016067504883
29,0.444,1.0,1,2,4.723081588745117,4.723081588745117
29,0.556,0.4,1,14,9.848743379116058,3.9394973516464233
29,0.556,0.7,0,0,5.575739996773857,3.903017997741699
29,0.556,0.7,1,7,7.995805399758476,5.597063779830933
29,0.556,1.0,0,0,4.892719984054565,4.892719984054565
29,0.556,1.0,1,4,8.442001461982727,8.442001461982727
29,0.667,0.4,1,14,6.466341316699982,2.5865365266799927
29,0.667,0.7,0,0,2.9406128610883444,2.058429002761841
29,0.667,0.7,1,12,6.305738006319318,4.414016604423523
29,0.667,1.0,0,0,3.569931983947754,3.569931983947754
29,0.667,1.0,1,8,5.338071584701538,5.338071584701538
29,0.778,0.4,1,14,4.677301347255707,1.8709205389022827
29,0.778,0.7,1,14,5.7707292693001895,4.039510488510132
29,0.778,1.0,0,0,3.5849809646606445,3.5849809646606445
29,0.778,1.0,1,10,5.562596559524536,5.562596559524536
29,0.889,0.4,1,14,4.318589866161346,1.7274359464645386
29,0.889,0.7,0,0,2.8815427848270962,2.0170799493789673
29,0.889,0.7,1,12,4.5700807230813165,3.1990565061569214
29,0.889,1.0,1,14,4.769882559776306,4.769882559776306
29,1.0,0.4,1,14,4.406348466873169,1.7625393867492676
29,1.0,0.7,0,0,6.222872734069824,4.356010913848877
29,1.0,0.7,1,11,4.585733073098319,3.2100131511688232
29,1.0,1.0,0,0,3.540104627609253,3.540104627609253
29,1.0,1.0,1,9,4.643996000289917,4.643996000289917
30,0.0,0.4,0,0,13.453928828239441,5.381571531295776
30,0.0,0.4,1,114,16.507425010204315,6.602970004081726
30,0.0,0.7,0,0,8.094367640359062,5.666057348251343
30,0.0,0.7,1,108,9.592219250542778,6.714553475379944
30,0.0,1.0,0,0,4.798128843307495,4.798128843307495
30,0.0,1.0,1,110,6.342569947242737,6.342569947242737
30,0.111,0.4,0,0,17.444896399974823,6.977958559989929
30,0.111,0.4,1,4,17.858812510967255,7.143525004386902
30,0.111,0.7,0,0,10.363608598709106,7.2545260190963745
30,0.111,0.7,1,2,9.028483629226686,6.319938540458679
30,0.111,1.0,0,0,6.557173013687134,6.557173013687134
30,0.111,1.0,1,2,7.975557565689087,7.975557565689087
30,0.222,0.4,0,0,14.464972615242004,5.785989046096802
30,0.222,0.4,1,5,8.567404747009277,3.426961898803711
30,0.222,0.7,0,0,8.890034130641393,6.223023891448975
30,0.222,0.7,1,5,10.042907169886998,7.030035018920898
30,0.222,1.0,0,0,6.851059913635254,6.851059913635254
30,0.222,1.0,1,2,3.4774399995803833,3.4774399995803833
30,0.333,0.4,0,0,17.87513256072998,7.150053024291992
30,0.333,0.4,1,9,9.060184955596924,3.6240739822387695
30,0.333,0.7,0,0,10.086567912782943,7.060597538948059
30,0.333,0.7,1,4,5.475924185344152,3.8331469297409058
30,0.333,1.0,0,0,5.666067123413086,5.666067123413086
30,0.333,1.0,1,3,7.0940101146698,7.0940101146698
30,0.444,0.4,0,0,18.864930272102356,7.545972108840942
30,0.444,0.4,1,11,5.84789514541626,2.339158058166504
30,0.444,0.7,0,0,12.028372968946185,8.419861078262329
30,0.444,0.7,1,5,5.275794097355435,3.693055868148804
30,0.444,1.0,0,0,6.168506026268005,6.168506026268005
30,0.444,1.0,1,1,10.53205108642578,10.53205108642578
30,0.556,0.4,1,14,7.521114945411682,3.008445978164673
30,0.556,0.7,0,0,9.785641261509486,6.849948883056641
30,0.556,0.7,1,10,5.60640641621181,3.9244844913482666
30,0.556,1.0,0,0,5.9520779848098755,5.9520779848098755
30,0.556,1.0,1,6,5.231462597846985,5.231462597846985
30,0.667,0.4,1,14,4.789836108684539,1.9159344434738157
30,0.667,0.7,1,14,4.67845014163426,3.274915099143982
30,0.667,1.0,0,0,8.08201003074646,8.08201003074646
30,0.667,1.0,1,11,7.408056020736694,7.408056020736694
30,0.778,0.4,1,14,4.90376889705658,1.9615075588226318
30,0.778,0.7,0,0,7.769982814788819,5.438987970352173
30,0.778,0.7,1,13,5.1242770467485705,3.586993932723999
30,0.778,1.0,0,0,5.008913993835449,5.008913993835449
30,0.778,1.0,1,11,5.645917177200317,5.645917177200317
30,0.889,0.4,1,14,4.08371865749359,1.6334874629974363
30,0.889,0.7,1,14,4.008527994155884,2.8059695959091187
30,0.889,1.0,0,0,4.761024951934815,4.761024951934815
30,0.889,1.0,1,13,3.877043008804321,3.877043008804321
30,1.0,0.4,1,13,3.900062441825867,1.560024976730347
30,1.0,0.7,1,13,3.5498915399823874,2.484924077987671
30,1.0,1.0,0,0,5.391844987869263,5.391844987869263
30,1.0,1.0,1,13,4.022884845733643,4.022884845733643
31,0.0,0.4,0,0,8.10742974281311,3.242971897125244
31,0.0,0.4,1,119,7.207457423210144,2.8829829692840576
31,0.0,0.7,0,0,3.750122615269253,2.625085830688477
31,0.0,0.7,1,117,4.3058759825570245,3.014113187789917
31,0.0,1.0,0,0,3.564974069595337,3.564974069595337
31,0.0,1.0,1,115,2.8970179557800293,2.8970179557800293
31,0.111,0.4,0,0,7.41261750459671,2.965047001838684
31,0.111,0.7,0,0,4.327139854431152,3.028997898101806
31,0.111,0.7,1,1,3.872672830309187,2.7108709812164307
31,0.111,1.0,0,0,3.0694609880447388,3.0694609880447388
31,0.222,0.4,0,0,8.701016306877136,3.4804065227508545
31,0.222,0.4,1,2,9.068635106086731,3.6274540424346924
31,0.222,0.7,0,0,4.621454136712211,3.2350178956985474
31,0.222,0.7,1,2,3.646215030125209,2.5523505210876465
31,0.222,1.0,0,0,2.9925836324691772,2.9925836324691772
31,0.222,1.0,1,2,3.686946988105774,3.686946988105774
31,0.333,0.4,0,0,6.9538626074790955,2.781545042991638
31,0.333,0.4,1,6,8.205202519893646,3.282081007957459
31,0.333,0.7,0,0,3.714429991585868,2.6001009941101074
31,0.333,0.7,1,5,4.798604420253209,3.359023094177246
31,0.333,1.0,0,0,3.1634970903396606,3.1634970903396606
31,0.444,0.4,0,0,5.767317414283752,2.306926965713501
31,0.444,0.4,1,9,6.660117506980896,2.6640470027923584
31,0.444,0.7,0,0,4.184284210205078,2.9289989471435547
31,0.444,0.7,1,3,3.435701302119664,2.4049909114837646
31,0.444,1.0,0,0,2.8925164937973022,2.8925164937973022
31,0.444,1.0,1,2,4.409477472305298,4.409477472305298
31,0.556,0.4,0,0,7.607397437095642,3.042958974838257
31,0.556,0.4,1,7,6.489957571029661,2.595983028411865
31,0.556,0.7,0,0,3.494252817971366,2.445976972579956
31,0.556,0.7,1,7,4.698571477617537,3.2890000343322754
31,0.556,1.0,0,0,2.760962963104248,2.760962963104248
31,0.556,1.0,1,3,4.747010946273804,4.747010946273804
31,0.667,0.4,0,0,5.146294832229614,2.0585179328918457
31,0.667,0.4,1,12,5.428859889507294,2.1715439558029175
31,0.667,0.7,0,0,3.8656170027596612,2.7059319019317627
31,0.667,0.7,1,9,3.959988525935582,2.7719919681549072
31,0.667,1.0,0,0,2.852025032043457,2.852025032043457
31,0.667,1.0,1,7,3.983114004135132,3.983114004135132
31,0.778,0.4,0,0,6.734939813613892,2.6939759254455566
31,0.778,0.4,1,13,4.242867827415465,1.6971471309661863
31,0.778,0.7,0,0,3.782191276550293,2.647533893585205
31,0.778,0.7,1,12,3.9692757810865134,2.778493046760559
31,0.778,1.0,0,0,2.483482599258423,2.483482599258423
31,0.778,1.0,1,8,3.000072479248047,3.000072479248047
31,0.889,0.4,1,14,4.460666477680206,1.7842665910720825
31,0.889,0.7,1,14,3.4886627537863597,2.4420639276504517
31,0.889,1.0,0,0,3.0335339307785034,3.0335339307785034
31,0.889,1.0,1,12,3.5495364665985107,3.5495364665985107
31,1.0,0.4,1,14,3.8936999440193176,1.557479977607727
31,1.0,0.7,0,0,3.4515585218157088,2.416090965270996
31,1.0,0.7,1,13,2.99576997756958,2.097038984298706
31,1.0,1.0,0,0,1.950231909751892,1.950231909751892
31,1.0,1.0,1,12,2.975298047065735,2.975298047065735
34,0.0,0.4,0,0,17.176732420921326,6.87069296836853
34,0.0,0.4,1,122,11.812419891357422,4.724967956542969
34,0.0,0.7,0,0,13.699897357395718,9.589928150177002
34,0.0,0.7,1,125,6.948379789079939,4.863865852355957
34,0.0,1.0,0,0,4.058258891105652,4.058258891105652
34,0.0,1.0,1,122,4.548548102378845,4.548548102378845
34,0.111,0.4,0,0,9.131374657154083,3.6525498628616333
34,0.111,0.4,1,2,21.156265139579773,8.46250605583191
34,0.111,0.7,0,0,7.880750553948539,5.516525387763977
34,0.111,1.0,0,0,5.211034893989563,5.211034893989563
34,0.222,0.4,0,0,13.902333676815033,5.560933470726013
34,0.222,0.4,1,2,16.56722515821457,6.626890063285828
34,0.222,0.7,0,0,6.76149572644915,4.733047008514404
34,0.222,1.0,0,0,4.8041698932647705,4.8041698932647705
34,0.222,1.0,1,1,3.982024908065796,3.982024908065796
34,0.333,0.4,0,0,11.646245121955872,4.658498048782349
34,0.333,0.4,1,4,17.444021105766296,6.9776084423065186
34,0.333,0.7,0,0,7.111272811889649,4.977890968322754
34,0.333,0.7,1,1,12.182887281690325,8.528021097183228
34,0.333,1.0,0,0,4.875802040100098,4.875802040100098
34,0.444,0.4,0,0,11.22224748134613,4.488898992538452
34,0.444,0.4,1,5,13.184932470321655,5.273972988128662
34,0.444,0.7,0,0,6.345734255654472,4.44201397895813
34,0.444,0.7,1,2,11.559866496494838,8.091906547546387
34,0.444,1.0,0,0,4.856899976730347,4.856899976730347
34,0.444,1.0,1,1,2.162022113800049,2.162022113800049
34,0.556,0.4,0,0,10.952464938163757,4.380985975265503
34,0.556,0.4,1,12,8.525087237358093,3.4100348949432373
34,0.556,0.7,0,0,6.9363949980054596,4.855476498603821
34,0.556,0.7,1,7,9.76259572165353,6.833817005157471
34,0.556,1.0,0,0,5.093481540679932,5.093481540679932
34,0.556,1.0,1,2,6.819581508636475,6.819581508636475
34,0.667,0.4,1,14,6.246212422847748,2.498484969139099
34,0.667,0.7,0,0,5.661417416163853,3.962992191314697
34,0.667,0.7,1,8,7.732273680823191,5.412591576576233
34,0.667,1.0,0,0,4.5534995794296265,4.5534995794296265
34,0.667,1.0,1,6,7.522433519363403,7.522433519363403
34,0.778,0.4,1,11,6.437485218048096,2.5749940872192383
34,0.778,0.7,0,0,5.3921280588422515,3.7744896411895756
34,0.778,0.7,1,9,7.189982959202358,5.03298807144165
34,0.778,1.0,0,0,4.757146835327148,4.757146835327148
34,0.778,1.0,1,4,7.197934865951538,7.197934865951538
34,0.889,0.4,1,11,6.0673874616622925,2.426954984664917
34,0.889,0.7,1,12,5.187933785574777,3.6315536499023438
34,0.889,1.0,0,0,3.748436689376831,3.748436689376831
34,0.889,1.0,1,10,6.276597499847412,6.276597499847412
34,1.0,0.4,1,11,5.332597494125366,2.1330389976501465
34,1.0,0.7,1,10,5.183600187301636,3.628520131111145
34,1.0,1.0,0,0,4.18800687789917,4.18800687789917
34,1.0,1.0,1,9,5.198025941848755,5.198025941848755
35,0.0,0.4,0,0,9.000287652015686,3.6001150608062744
35,0.0,0.4,1,79,8.387442827224731,3.3549771308898926
35,0.0,0.7,0,0,5.382914202553886,3.7680399417877197
35,0.0,0.7,1,84,4.507089853286743,3.15496289730072
35,0.0,1.0,0,0,3.8869998455047607,3.8869998455047607
35,0.0,1.0,1,89,3.287014961242676,3.287014961242676
35,0.111,0.4,0,0,9.687607884407043,3.8750431537628174
35,0.111,0.4,1,3,8.16709280014038,3.2668371200561523
35,0.111,0.7,0,0,5.649946587426323,3.9549626111984253
35,0.111,0.7,1,6,5.75230496270316,4.026613473892212
35,0.111,1.0,0,0,3.423511028289795,3.423511028289795
35,0.111,1.0,1,8,4.693082928657532,4.693082928657532
35,0.222,0.4,0,0,9.832599759101868,3.933039903640747
35,0.222,0.4,1,5,11.659802794456482,4.663921117782593
35,0.222,0.7,0,0,6.037101405007499,4.225970983505249
35,0.222,0.7,1,7,4.392622879573278,3.074836015701294
35,0.222,1.0,0,0,3.6056050062179565,3.6056050062179565
35,0.222,1.0,1,8,3.2450114488601685,3.2450114488601685
35,0.333,0.4,0,0,7.475034594535828,2.990013837814331
35,0.333,0.4,1,9,8.612882494926453,3.445152997970581
35,0.333,0.7,0,0,4.64853252683367,3.2539727687835693
35,0.333,0.7,1,9,6.282855783190047,4.397999048233032
35,0.333,1.0,0,0,3.061146974563598,3.061146974563598
35,0.333,1.0,1,7,3.9092819690704346,3.9092819690704346
35,0.444,0.4,0,0,6.90496027469635,2.76198410987854
35,0.444,0.4,1,11,7.9749345779418945,3.189973831176758
35,0.444,0.7,0,0,5.079278605324882,3.555495023727417
35,0.444,0.7,1,6,5.279935598373413,3.695954918861389
35,0.444,1.0,0,0,3.693010091781616,3.693010091781616
35,0.444,1.0,1,9,3.0989420413970947,3.0989420413970947
35,0.556,0.4,0,0,9.465082883834839,3.786033153533936
35,0.556,0.4,1,13,5.437870025634766,2.1751480102539062
35,0.556,0.7,0,0,11.555675779070175,8.088973045349121
35,0.556,0.7,1,13,4.901598521641323,3.431118965148926
35,0.556,1.0,0,0,3.161813497543335,3.161813497543335
35,0.556,1.0,1,12,3.5024415254592896,3.5024415254592896
35,0.667,0.4,1,14,3.873948752880096,1.5495795011520386
35,0.667,0.7,1,14,4.268078293119158,2.9876548051834106
35,0.667,1.0,0,0,3.020056962966919,3.020056962966919
35,0.667,1.0,1,11,3.678114891052246,3.678114891052246
35,0.778,0.4,1,14,4.085216522216797,1.6340866088867188
35,0.778,0.7,0,0,4.729791368756976,3.310853958129883
35,0.778,0.7,1,13,3.911411421639579,2.737987995147705
35,0.778,1.0,0,0,3.0618741512298584,3.0618741512298584
35,0.778,1.0,1,11,3.4030330181121826,3.4030330181121826
35,0.889,0.4,1,14,3.887522518634796,1.5550090074539185
35,0.889,0.7,1,14,3.7106800079345703,2.597476005554199
35,0.889,1.0,0,0,2.561937093734741,2.561937093734741
35,0.889,1.0,1,13,3.376951217651367,3.376951217651367
35,1.0,0.4,1,14,3.7935999035835266,1.5174399614334106
35,1.0,0.7,1,14,3.260680777685983,2.282476544380188
35,1.0,1.0,0,0,2.481908917427063,2.481908917427063
35,1.0,1.0,1,12,3.142999053001404,3.142999053001404
36,0.0,0.4,0,0,10.93626618385315,4.37450647354126
36,0.0,0.4,1,101,12.449777722358704,4.9799110889434814
36,0.0,0.7,0,0,5.466387953077044,3.8264715671539307
36,0.0,0.7,1,98,7.779393707002913,5.445575594902039
36,0.0,1.0,0,0,3.895034074783325,3.895034074783325
36,0.0,1.0,1,92,5.517106056213379,5.517106056213379
36,0.111,0.4,0,0,11.606316268444061,4.6425265073776245
36,0.111,0.4,1,2,17.917394936084747,7.166957974433899
36,0.111,0.7,0,0,6.868418625422887,4.8078930377960205
36,0.111,0.7,1,5,3.064335754939488,2.1450350284576416
36,0.111,1.0,0,0,4.720991849899292,4.720991849899292
36,0.111,1.0,1,1,9.053162097930908,9.053162097930908
36,0.222,0.4,0,0,14.333813786506653,5.733525514602661
36,0.222,0.4,1,6,6.481724977493286,2.5926899909973145
36,0.222,0.7,0,0,5.9199435370309015,4.143960475921631
36,0.222,0.7,1,4,6.50348424911499,4.552438974380493
36,0.222,1.0,0,0,5.809986114501953,5.809986114501953
36,0.222,1.0,1,5,2.462970018386841,2.462970018386841
36,0.333,0.4,0,0,13.372652530670166,5.349061012268066
36,0.333,0.4,1,6,10.281301438808441,4.1125205755233765
36,0.333,0.7,0,0,8.387892246246338,5.8715245723724365
36,0.333,0.7,1,4,9.293574946267265,6.505502462387085
36,0.333,1.0,0,0,5.298053979873657,5.298053979873657
36,0.333,1.0,1,5,3.839980840682984,3.839980840682984
36,0.444,0.4,0,0,19.517521262168884,7.807008504867554
36,0.444,0.4,1,10,7.59115606546402,3.036462426185608
36,0.444,0.7,0,0,11.530022961752756,8.071016073226929
36,0.444,0.7,1,6,5.7479635306767065,4.023574471473694
36,0.444,1.0,0,0,5.70900297164917,5.70900297164917
36,0.444,1.0,1,3,5.4210169315338135,5.4210169315338135
36,0.556,0.4,1,13,7.134875059127808,2.853950023651123
36,0.556,0.7,0,0,11.794297013963973,8.25600790977478
36,0.556,0.7,1,9,5.452847140175956,3.816992998123169
36,0.556,1.0,0,0,4.714992046356201,4.714992046356201
36,0.556,1.0,1,4,6.696436047554016,6.696436047554016
36,0.667,0.4,1,12,4.632682502269745,1.853073000907898
36,0.667,0.7,0,0,6.591257878712246,4.613880515098572
36,0.667,0.7,1,12,5.142124210085188,3.5994869470596313
36,0.667,1.0,0,0,2.9959983825683594,2.9959983825683594
36,0.667,1.0,1,6,6.07861053943634,6.07861053943634
36,0.778,0.4,1,13,3.8947999477386475,1.557919979095459
36,0.778,0.7,0,0,6.958534036363875,4.870973825454712
36,0.778,0.7,1,11,5.937161445617676,4.156013011932373
36,0.778,1.0,0,0,8.175912022590637,8.175912022590637
36,0.778,1.0,1,9,4.838993072509766,4.838993072509766
36,0.889,0.4,1,12,4.0262022614479065,1.6104809045791626
36,0.889,0.7,0,0,8.809865883418492,6.166906118392944
36,0.889,0.7,1,12,4.322844914027623,3.025991439819336
36,0.889,1.0,0,0,8.150150060653687,8.150150060653687
36,0.889,1.0,1,9,2.950982093811035,2.950982093811035
36,1.0,0.4,1,13,3.822460174560547,1.5289840698242188
36,1.0,0.7,0,0,4.648574420383999,3.254002094268799
36,1.0,0.7,1,11,3.722962992531913,2.606074094772339
36,1.0,1.0,0,0,4.57292103767395,4.57292103767395
36,1.0,1.0,1,11,4.335992097854614,4.335992097854614
